1.32	1.84	Okay,
2.42	2.42	easiest
2.42	2.72	way
2.72	2.88	to
2.88	3.08	split
3.08	3.20	a
3.20	3.34	bill
3.34	3.58	with
3.58	3.88	friends,
4.26	4.60	Sedalia.
5.88	5.92	Snap
5.92	6.12	the
6.12	6.44	receipt,
6.70	6.84	the
6.84	7.18	AI
7.18	7.54	reads
7.54	7.84	every
7.84	8.14	item,
8.22	8.30	and
8.30	8.54	everyone
8.54	8.80	just
8.80	9.06	taps
9.06	9.30	what
9.30	9.44	they
9.44	9.78	had.
10.60	10.90	Paying
10.90	10.96	a
10.96	11.18	broad
11.18	11.42	end?
11.82	12.00	It
12.00	12.24	spots
12.24	12.46	the
12.46	12.78	currency
12.78	13.14	and
13.14	13.50	converts
13.50	13.86	it.
14.22	14.26	Link
14.26	14.44	in
14.44	14.70	bio.
